{"06\/21\/22":{"Total Value":100000.0,"SP500":100000.0,"APA":867.4101939,"BKR":164.0419972,"DVN":82.56274582,"ENPH":null,"ETSY":null,"FTNT":null,"GNRC":null,"HAL":745.1564998,"HES":46.40802023,"LNC":102.4170428,"MRO":200.8032159,"MTCH":null,"NVDA":null,"OKE":90.02520557,"ON":null,"OXY":86.40055456,"PAYC":null,"PENN":null,"QRVO":null,"SEDG":null,"SLB":128.7995889,"TRMB":null,"TSLA":null},"06\/22\/22":{"Total Value":94871.3959,"SP500":99869.84277,"APA":null,"BKR":null,"DVN":null,"ENPH":171.6641153,"ETSY":64.02443015,"FTNT":null,"GNRC":22.31532969,"HAL":null,"HES":null,"LNC":null,"MRO":null,"MTCH":68.13515668,"NVDA":28.99492432,"OKE":null,"ON":null,"OXY":null,"PAYC":17.36489937,"PENN":836.9036291,"QRVO":49.80125769,"SEDG":16.9171537,"SLB":null,"TRMB":null,"TSLA":6.697497712},"06\/23\/22":{"Total Value":97363.46886,"SP500":100821.8238,"APA":null,"BKR":null,"DVN":null,"ENPH":169.8171845,"ETSY":61.83377665,"FTNT":null,"GNRC":21.93760246,"HAL":null,"HES":null,"LNC":null,"MRO":null,"MTCH":null,"NVDA":30.00415065,"OKE":null,"ON":null,"OXY":null,"PAYC":17.01325643,"PENN":853.7659425,"QRVO":51.25471964,"SEDG":16.69870498,"SLB":null,"TRMB":81.91441054,"TSLA":6.903154084},"06\/24\/22":{"Total Value":101447.0633,"SP500":103903.2708,"APA":null,"BKR":null,"DVN":null,"ENPH":178.9730948,"ETSY":60.65956709,"FTNT":null,"GNRC":22.58896949,"HAL":null,"HES":null,"LNC":null,"MRO":null,"MTCH":null,"NVDA":29.61785198,"OKE":null,"ON":95.75897773,"OXY":null,"PAYC":16.54765663,"PENN":789.5942303,"QRVO":51.82745504,"SEDG":17.71444168,"SLB":null,"TRMB":null,"TSLA":6.881312677},"06\/27\/22":{"Total Value":103026.7064,"SP500":103594.359,"APA":null,"BKR":null,"DVN":null,"ENPH":174.9010407,"ETSY":63.87272439,"FTNT":null,"GNRC":23.04126292,"HAL":null,"HES":null,"LNC":null,"MRO":null,"MTCH":null,"NVDA":30.53728878,"OKE":null,"ON":95.0957263,"OXY":null,"PAYC":17.16654076,"PENN":796.9268825,"QRVO":51.61658479,"SEDG":17.25624919,"SLB":null,"TRMB":null,"TSLA":7.010908666},"06\/28\/22":{"Total Value":98030.82637,"SP500":101507.6541,"APA":null,"BKR":null,"DVN":null,"ENPH":179.967429,"ETSY":66.20125956,"FTNT":null,"GNRC":22.58566594,"HAL":null,"HES":null,"LNC":null,"MRO":null,"MTCH":null,"NVDA":30.66913461,"OKE":null,"ON":92.814641,"OXY":null,"PAYC":17.09998977,"PENN":770.9250043,"QRVO":49.73659226,"SEDG":17.55314959,"SLB":null,"TRMB":null,"TSLA":7.022366205},"06\/29\/22":{"Total Value":95600.1705,"SP500":101435.4065,"APA":null,"BKR":null,"DVN":null,"ENPH":181.2178281,"ETSY":63.90385468,"FTNT":null,"GNRC":22.27299991,"HAL":null,"HES":null,"LNC":null,"MRO":null,"MTCH":null,"NVDA":30.75542775,"OKE":null,"ON":93.50564603,"OXY":null,"PAYC":16.82035558,"PENN":767.5029895,"QRVO":49.89049835,"SEDG":18.17770262,"SLB":null,"TRMB":null,"TSLA":6.973330313},"06\/30\/22":{"Total Value":96551.78784,"SP500":100546.9055,"APA":null,"BKR":null,"DVN":null,"ENPH":173.0850481,"ETSY":65.94166715,"FTNT":null,"GNRC":22.92520348,"HAL":null,"HES":null,"LNC":null,"MRO":null,"MTCH":null,"NVDA":31.84635865,"OKE":null,"ON":null,"OXY":null,"PAYC":17.23400498,"PENN":793.4893787,"QRVO":51.1830938,"SEDG":17.63954078,"SLB":null,"TRMB":82.90553718,"TSLA":7.168764685},"07\/01\/22":{"Total Value":98042.25377,"SP500":101608.0588,"APA":null,"BKR":null,"DVN":null,"ENPH":175.3259177,"ETSY":61.42228841,"FTNT":null,"GNRC":22.45585259,"HAL":null,"HES":null,"LNC":null,"MRO":null,"MTCH":null,"NVDA":33.75413367,"OKE":null,"ON":null,"OXY":null,"PAYC":16.86806549,"PENN":779.1024843,"QRVO":53.01300555,"SEDG":17.74199386,"SLB":null,"TRMB":84.53375662,"TSLA":7.190062697},"07\/04\/22":{"Total Value":98033.87562,"SP500":101769.0191,"APA":null,"BKR":null,"DVN":null,"ENPH":175.3109353,"ETSY":61.4170396,"FTNT":null,"GNRC":22.53548759,"HAL":null,"HES":null,"LNC":null,"MRO":null,"MTCH":null,"NVDA":33.75124923,"OKE":null,"ON":null,"OXY":null,"PAYC":16.83447318,"PENN":779.0359065,"QRVO":53.00847536,"SEDG":17.74047773,"SLB":null,"TRMB":84.52653283,"TSLA":7.189448274},"07\/05\/22":{"Total Value":99452.07188,"SP500":101769.0191,"APA":null,"BKR":null,"DVN":null,"ENPH":180.7374517,"ETSY":56.35316993,"FTNT":null,"GNRC":22.94800654,"HAL":null,"HES":null,"LNC":null,"MRO":null,"MTCH":null,"NVDA":33.23044383,"OKE":null,"ON":null,"OXY":null,"PAYC":15.87220613,"PENN":769.5146058,"QRVO":51.6687833,"SEDG":18.33082831,"SLB":null,"TRMB":85.08904365,"TSLA":7.111847121},"07\/06\/22":{"Total Value":98863.72696,"SP500":102132.6565,"APA":null,"BKR":null,"DVN":null,"ENPH":177.5114438,"ETSY":57.51903895,"FTNT":null,"GNRC":22.76078145,"HAL":null,"HES":null,"LNC":null,"MRO":null,"MTCH":null,"NVDA":32.67142266,"OKE":null,"ON":null,"OXY":null,"PAYC":15.80605775,"PENN":796.7740611,"QRVO":50.47157673,"SEDG":18.32234772,"SLB":null,"TRMB":84.51335623,"TSLA":7.110452044},"07\/07\/22":{"Total Value":103044.8378,"SP500":103661.0296,"APA":null,"BKR":null,"DVN":null,"ENPH":174.3651802,"ETSY":57.47062803,"FTNT":null,"GNRC":22.37284311,"HAL":null,"HES":null,"LNC":null,"MRO":null,"MTCH":null,"NVDA":32.48985894,"OKE":null,"ON":null,"OXY":null,"PAYC":15.80393772,"PENN":822.5162741,"QRVO":51.27119117,"SEDG":17.96082463,"SLB":null,"TRMB":85.42931145,"TSLA":7.02294325},"07\/08\/22":{"Total Value":104201.7491,"SP500":103574.9628,"APA":null,"BKR":null,"DVN":null,"ENPH":168.4943991,"ETSY":58.70521074,"FTNT":null,"GNRC":22.5975343,"HAL":null,"HES":null,"LNC":null,"MRO":null,"MTCH":null,"NVDA":32.89611878,"OKE":null,"ON":97.43944894,"OXY":null,"PAYC":16.11583196,"PENN":null,"QRVO":52.41009216,"SEDG":17.65473116,"SLB":null,"TRMB":87.18352744,"TSLA":34.62818598},"07\/11\/22":{"Total Value":99561.02359,"SP500":102381.0064,"APA":null,"BKR":null,"DVN":null,"ENPH":169.1078262,"ETSY":57.83723942,"FTNT":null,"GNRC":22.34012987,"HAL":null,"HES":null,"LNC":null,"MRO":null,"MTCH":null,"NVDA":32.85408553,"OKE":null,"ON":null,"OXY":null,"PAYC":15.55932719,"PENN":848.6278882,"QRVO":51.45272537,"SEDG":17.79973161,"SLB":null,"TRMB":84.5313505,"TSLA":7.080851418},"07\/12\/22":{"Total Value":96354.97256,"SP500":101434.6088,"APA":null,"BKR":null,"DVN":null,"ENPH":177.9925063,"ETSY":56.28868833,"FTNT":null,"GNRC":21.96675391,"HAL":null,"HES":null,"LNC":null,"MRO":null,"MTCH":null,"NVDA":31.94369708,"OKE":null,"ON":91.29711173,"OXY":null,"PAYC":16.23230737,"PENN":null,"QRVO":49.18579661,"SEDG":18.15483557,"SLB":null,"TRMB":83.75779884,"TSLA":34.45136995},"07\/13\/22":{"Total Value":97187.28071,"SP500":100982.5247,"APA":null,"BKR":null,"DVN":null,"ENPH":176.5848901,"ETSY":291.9939965,"FTNT":null,"GNRC":22.23558243,"HAL":null,"HES":null,"LNC":null,"MRO":null,"MTCH":null,"NVDA":32.04539736,"OKE":null,"ON":92.5945899,"OXY":null,"PAYC":16.45122877,"PENN":null,"QRVO":49.86008702,"SEDG":18.06253599,"SLB":null,"TRMB":84.62842547,"TSLA":6.833395304},"07\/14\/22":{"Total Value":96877.57364,"SP500":100679.715,"APA":null,"BKR":null,"DVN":null,"ENPH":172.1874421,"ETSY":null,"FTNT":84.03675804,"GNRC":23.22089425,"HAL":null,"HES":null,"LNC":null,"MRO":null,"MTCH":null,"NVDA":31.51105024,"OKE":null,"ON":89.61847827,"OXY":null,"PAYC":16.66051745,"PENN":null,"QRVO":49.23141287,"SEDG":90.02822987,"SLB":null,"TRMB":85.02507597,"TSLA":6.775224027},"07\/15\/22":{"Total Value":97370.75382,"SP500":102612.8913,"APA":null,"BKR":null,"DVN":null,"ENPH":174.8487158,"ETSY":295.0628903,"FTNT":null,"GNRC":22.63804402,"HAL":null,"HES":null,"LNC":null,"MRO":null,"MTCH":null,"NVDA":30.8878178,"OKE":null,"ON":86.82963648,"OXY":null,"PAYC":16.13006629,"PENN":null,"QRVO":48.59790054,"SEDG":18.31309979,"SLB":null,"TRMB":82.96758121,"TSLA":6.759980017},"07\/18\/22":{"Total Value":100349.0224,"SP500":101754.6811,"APA":null,"BKR":null,"DVN":null,"ENPH":170.1407697,"ETSY":296.1196322,"FTNT":86.50777793,"GNRC":22.429375,"HAL":null,"HES":null,"LNC":null,"MRO":null,"MTCH":null,"NVDA":31.16235818,"OKE":null,"ON":null,"OXY":null,"PAYC":16.73711102,"PENN":null,"QRVO":51.25077673,"SEDG":17.87605548,"SLB":null,"TRMB":86.06262754,"TSLA":6.952844934},"07\/19\/22":{"Total Value":103791.5210280139,"SP500":104565.9890873106,"APA":null,"BKR":null,"DVN":null,